STT,Tên bài hát,Chủ đề,Chủ đề con,Tone,Nhịp,Lời,Nhạc,Tuyển tập,Audio tham khảo,Lyric,Thánh Ca - Hosanna Việt Nam 1-105
1,A-ba Chúa trên cao,1,b,Am,4/4,,,Hosanna Việt Nam,Aba Chúa trên cao - YouTube,,
2,Tôn vinh Chiên Con,1,b,G,4/4,,,Hosanna Việt Nam,Ehre dem Lamm - YouTube,,
3,Cùng vui nhóm,3,a,F,4/4,,,Hosanna Việt Nam,"Wir versammeln uns vor dir, o großer Gott",,
4,Xin Cha hãy chiếu ánh sáng,1,a,A,4/4,,,Hosanna Việt Nam,Shine Jesus Shine (feat. Jens) | Acoustica - Mandolin - YouTube,,
5,Ngài là Vua,1,b,G,2/4,,,Hosanna Việt Nam,"He Is Lord, He Is Lord! He Is Risen From The Dead Song Lyrics Video - Divine Hymns - YouTube",,
6,Điều cao quý nhất,1,d,D,4/4,,,Hosanna Việt Nam,"Das Höchste meines Lebens ist dich kennen Herr, Anbetung - YouTube",,
7,Kìa thật phước hạnh,3,a,Dm,4/4,,,Hosanna Việt Nam,https://quangharvest.com/hosanna-vn-1-100,,
8,Xin dâng,1,b,F,4/4,,,Hosanna Việt Nam,"""Hab Dank von Herzen Herr"" SPONTAN-theater - YouTube",,
9,Bình an Vua,1,b,A,4/4,,,Hosanna Việt Nam,"Friedefürst, Wunderrat, Text/Lyrics - YouTube",,
10,Tôn vinh Chúa trong mỗi lúc,1,b,Dm,4/4,,,Hosanna Việt Nam,Ich will loben denn Herrn allezeit (Kanon) | Viyuda leolam teshev,,
11,Vì Thần Linh và Hội Thánh,3,a,Gm,4/4,,,Hosanna Việt Nam,Denn der Geist und die Braut - YouTube,,
12,Hosanna,1,b,G,4/4,,,Hosanna Việt Nam,Hosanna In The Highest | Performed By Vineyard | 4k Video | HQ - YouTube,,Hosanna (In The Highest) /We Cry Hosanna (Medley) - YouTube
13,Ngài thật là Vua đời đời,1,b,Am,4/4,,,Hosanna Việt Nam,Ngài Thật Là Vua Đời Đời - YouTube,,
14,"Phước hạnh, phước hạnh",1,d,Dm,4/4,,,Hosanna Việt Nam,"Fröhlich, fröhlich ist das Volk - YouTube",,
15,"Ha-lê-lu-gia, Ha-lê-lu-gia",3,a,Em,4/4,,,Hosanna Việt Nam,https://quangharvest.com/hosanna-vn-1-100,,
16,Nào cùng cất tiếng hoan ca,1,b,E,4/4,,,Hosanna Việt Nam,Come Let Us Sing - YouTube,,https://quangharvest.com/hosanna-vn-1-100
17,Hát như Đa-vít,2,,Em,4/4,,,Hosanna Việt Nam,When the Spirit of the Lord comes upon my heart - I will dance like David danced - Praise & Worship - YouTube,,
18,Thi Thiên 150,1,b,D,4/4,,,Hosanna Việt Nam,https://quangharvest.com/hosanna-vn-1-100,,
19,Vua đời đời,1,b,G,4/4,,,Hosanna Việt Nam,Majestät herrliche Majestät lyrics - YouTube,,"Majestät, herrliche Majestät - YouTube"
20,Trọn tất cả sự đầy dẫy đến từ Chúa,1,b,D,4/4,,,Hosanna Việt Nam,All die Fülle - YouTube,,
21,Cám ơn Cha,2,,D,4/4,,,Hosanna Việt Nam,"""All die Fülle ist in dir O' Herr"" Lied bei den GlaubenstagenLIED - YouTube",,from 00:35
22,Thuộc duy Chúa sự vinh diệu,1,b,C,4/4,,,Hosanna Việt Nam,Dir gebührt die Ehre - YouTube,,Dir gebührt die Ehre - YouTube
23,Thi Thiên 104:31-33,1,b,F,4/4,,,Hosanna Việt Nam,Die Herrlichkeit des Herrn bleibe ewiglich [Christliche Lieder] - YouTube,,"Die Herrlichkeit des Herrn I Gitta Leuschner, Keith Chrysler - YouTube"
24,Hãy tôn vinh Danh Thánh Ngài,1,b,A,4/4,,,Hosanna Việt Nam,Marty Nystrom- The Celebration Song (Praise Medley) (Hosanna! Music) - YouTube,,The Celebration Song - YouTube
25,Ma-thi-ơ 18:20,3,a,F,4/4,,,Hosanna Việt Nam,Lied: Wo zwei oder drei in meinem Namen versammelt sind (Kanon EG 568) - YouTube,,
26,"Hỡi dân Chúa, dâng lời ca!",3,a,Am,4/4,,,Hosanna Việt Nam,Sing For Joy In The Lord - YouTube,,
27,Ngợi Vua trên muôn vua,1,b,Fm,4/4,,,Hosanna Việt Nam,"King Of Kings And Lord Of Lords, Glory Hallelujah Song Lyrics Video - Divine Hymns - YouTube",,King of Kings and Lord of Lords with subtitles
28,Êm-ma-nu-ên,1,a,C,4/4,,,Hosanna Việt Nam,His Name Is Called Emmanuel Song Lyrics | Christian Hymnal | Divine Hymns - YouTube,,Emmanuel - YouTube
29,Nguyện cầu Cha,1,a,F,4/4,,,Hosanna Việt Nam,"Herr, wir bitten: Komm und segne uns - YouTube",,Herr wir bitten komm und segne uns - Bandbegleitung - YouTube
30,Con tôn cao Cha,1,b,E,4/4,,,Hosanna Việt Nam,Du bist der Höchste - YouTube,,Outbreakband - Wir erheben dich - YouTube
31,Hãy ca tụng Chúa chúng ta,1,b,G,4/4,,,Hosanna Việt Nam,https://www.youtube.com/watch?v=cMABar5i7Ao,,
32,Jesus ơi! Con chính là tội nhân,1,c,F,3/4,,,Hosanna Việt Nam,https://quangharvest.com/hosanna-vn-1-100,,
33,Cùng nhau ta vui hoan ca,1,b,D,4/4,,,Hosanna Việt Nam,"Ich will singen von der Gnade meines Herrn für immer - Cover - Nach Ps.89,2 - YouTube",,
34,Hãy vỗ tay vui,1,b,Em,4/4,,,Hosanna Việt Nam,Hãy Vỗ Tay Vui Reo Mừng Lên Lyrics - YouTube,,
35,Cùng nhau ca khen ngợi Chúa,2,,E,4/4,,,Hosanna Việt Nam,Gepriesen sei der Herr - YouTube,,Gepriesen sei der Herr - YouTube Gepriesen sei der Herr / Nordhorn am 20.11.2022 - YouTube
36,Hướng về Jesus,2,,F,4/4,,,Hosanna Việt Nam,"Jesus, wir sehen auf dich - YouTube",,
37,Hallelujah! Amen,1,b,G,4/4,,,Hosanna Việt Nam,https://quangharvest.com/hosanna-vn-1-100,,
38,Này ngày hôm nay,2,,F,4/4,,,Hosanna Việt Nam,Medley: Dies ist der Tag dem der Herr gemacht,,https://quangharvest.com/hosanna-vn-1-100
39,"Jesus, Jesus!",2,,C,4/4,,,Hosanna Việt Nam,https://quangharvest.com/hosanna-vn-1-100,,
40,Ê-sai 52:7,3,a,Bb,4/4,,,Hosanna Việt Nam,https://quangharvest.com/hosanna-vn-1-100,,OUR GOD REIGNS
41,Cha ban thánh ca mới,2,,Dm,4/4,,,Hosanna Việt Nam,Jesus Put This Song Into Our Hearts - Graham Kendrick - YouTube,,Jesus Put This Song Into Our Hearts - Divine Hymns - Lyrics Video - YouTube Jesus Put This Song Into Our Hearts (4vv) [with lyrics for congregations] - YouTube
42,Càng thêm hơn từ Ngài,1,a,G,4/4,,,Hosanna Việt Nam,Immer mehr LIVE - Alive Worship - YouTube,,Show Us More of You (23) - YouTube
43,Còn nếu dân gọi bằng Danh Ta,1,c,C#m,4/4,,,Hosanna Việt Nam,If my people who bear my name de Graham Kendrick - YouTube,,
44,Chính Chúa được tôn cao,1,b,F,3/4,,,Hosanna Việt Nam,Du bist erhoben m. Lyrics,,"Du bist erhoben für immer gehört dir der Thron, Anbetung - YouTube "
45,Chính Chúa tại đây,1,b,E,4/4,,,Hosanna Việt Nam,Bob Fitts- The Lord Is Come (Medley) (Hosanna! Music) - YouTube,,
46,Chúa Thánh đi ra trong năng quyền,2,,Bm,4/4,,,Hosanna Việt Nam,Der Herr Zieht Aus In Macht Und Stärke - YouTube,,
47,Chúng con đến cùng Cha,2,,A,4/4,,,Hosanna Việt Nam,"Wir kommen zu dir, wir kommen zu dir - YouTube",,
48,Trong Danh Cứu Chúa quyền năng,2,,F,4/4,,,Hosanna Việt Nam,"Jesus, in deinem namen ist die kraft Lyrics - YouTube",,Jesus In deinem Namen Ist die Kraft - YouTube
49,"Múa, hát, vỗ tay",1,b,D,4/4,,,Hosanna Việt Nam,https://quangharvest.com/hosanna-vn-1-100,,"Sing, Tanz, Klatsch In Deine Hände - YouTube"
50,Trong Cha là sự sống tôi,1,b,G,4/4,,,Hosanna Việt Nam,"My Life Is In You, Lord - YouTube",,
51,Hãy tôn vinh Ngài,2,,D,4/4,,,Hosanna Việt Nam,"Lobe den Herrn, meine Seele - YouTube",,
52,Từ muôn phương,3,a,A,2/4,,,Hosanna Việt Nam,Từ muôn phương ta cùng nhau sánh vai lên đường - YouTube,,
53,Nhà Cha thiêng liêng,2,,D,4/4,,,Hosanna Việt Nam,Ich will einziehn in sein Tor (Original: Leona von Brethorst - I will enter his gates) - YouTube,,
54,Con xin dâng lên,2,,D,4/4,,,Hosanna Việt Nam,Dâng Chúa Lời Suy Tôn - Tôn Vinh Chúa Hằng Hữu - Số 023 - Karaoke Tin Lành - YouTube,,#24 TVCHH // DÂNG CHÚA LỜI SUY TÔN - YouTube
55,Nước dâng rồi,1,a,Em,4/4,,,Hosanna Việt Nam,https://quangharvest.com/hosanna-vn-1-100,,
56,Con xin khiêm nhu,1,b,Em,3/4,,,Hosanna Việt Nam,https://quangharvest.com/hosanna-vn-1-100,,
57,Hallelujah! Tôn Chúa cao cả,1,b,Em,3/4,,,Hosanna Việt Nam,https://quangharvest.com/hosanna-vn-1-100,,
58,Todaraba,2,,Em,4/4,,,Hosanna Việt Nam,https://quangharvest.com/hosanna-vn-1-100,,
59,Hãy đến trước Chúa,3,a,Dm,6/8,,,Hosanna Việt Nam,https://quangharvest.com/hosanna-vn-1-100,,
60,Con muốn tôn Danh Chúa Cha,1,b,G,4/4,,,Hosanna Việt Nam,HERR ich will dich preisen - YouTube,,
61,Khắp trên trời truyền rao,1,b,G,4/4,,,Hosanna Việt Nam,Der Himmel zeugt - YouTube,,All Heav'n Declares [Live] - YouTube
62,Hãy dọn đường cho Cứu Chúa,1,a,G,4/4,,,Hosanna Việt Nam,Bahnt einen Weg unserm Gott - YouTube,,Bahnt einen Weg unserm Gott - YouTube
63,Quyền uy thay là Đức Chúa Trời chúng ta,1,b,F#m,4/4,,,Hosanna Việt Nam,Unser Gott ist ein mächtiger Gott (Lyrics/Text) - YouTube,,
64,Ngợi khen Cha suốt đời,1,b,C,4/4,,,Hosanna Việt Nam,I Will Magnify - YouTube,,
65,Vào trong giây phút này,1,b,D,3/4,,,Hosanna Việt Nam,In Moments Like These (Split Track) - YouTube,,
66,Tôn ngợi Danh Chúa Jesus,1,b,F,4/4,,,Hosanna Việt Nam,EG 272 Ich lobe meinen Gott - YouTube,,
67,Khát khao dòng nước,1,a,D,4/4,,,Hosanna Việt Nam,As The Deer - YouTube,,
68,An vui như con sông,1,a,C,4/4,,,Hosanna Việt Nam,Friede wie ein Strom - YouTube,,Friede wie ein Strom / Outbreakband (First Love Sessions) - YouTube
69,"Jesus, chúng con mến yêu",1,b,C,4/4,,,Hosanna Việt Nam,"Vater, ich lieb dich / Du großer Gott - YouTube",,"Vater, ich lieb dich - YouTube"
70,Cầu xin Cha đổi lòng,1,c,C,4/4,,,Hosanna Việt Nam,https://www.youtube.com/watch?v=aymNG4CBFTk,,Change My Heart oh God - Vineyard [With Lyrics] - YouTube
71,"Jesus, tôn Cha muôn đời",1,a,G,4/4,,,Hosanna Việt Nam,[Christian Song with lyrics] Jesus We Enthrone You(Dales and Wales Bible Weeks) 예수 우리 왕이여 - YouTube,,"예수 우리 왕이여 Lord, Jesus we enthrone You | 제이어스 J-US | Live Worship [BREAKTHROUGH] - YouTube"
72,"Jesus, Jesus, thánh khiết thay",2,,E,4/4,,,Hosanna Việt Nam,"Jesus, Jesus, heilig und gesalbt - YouTube",,"Jesus, Jesus, heilig und gesalbt - YouTube"
73,Vinh diệu cao quí,1,b,E,4/4,,,Hosanna Việt Nam,Würdig und herrlich ist das Lamm - YouTube,,"Würdig und Herrlich ist das Lamm, Lobreis - YouTube"
74,Sự bình an trong Danh Jesus,2,,G,4/4,,,Hosanna Việt Nam,Highlands Church | Sự Bình An Trong Danh Giê-xu - YouTube,,
75,"Jesus, ồ tuyệt vời thay Chúa tôi",2,,F,6/4,,,Hosanna Việt Nam,https://quangharvest.com/hosanna-vn-1-100,,
76,Đời sống từ chốn nước nguồn,1,a,Em,4/4,,,Hosanna Việt Nam,076 Doi song tu chon nuoc nguon - YouTube,,
77,Nào ai đâu như Chúa,1,c,Bm,4/4,,,Hosanna Việt Nam,Wo ist solch ein Gott so wie du - YouTube,,Wo ist solch ein Gott - YouTube
78,Cầu xin Cha hãy mở mắt con,1,a,Dm,4/4,,,Hosanna Việt Nam,https://quangharvest.com/hosanna-vn-1-100,,
79,Ngài chính là chốn nương thân,2,,Am,4/4,,,Hosanna Việt Nam,You Are My Hiding Place - Selah (Worship Song with Lyrics) - YouTube,,
80,Chẳng bởi thế quyền,1,b,Dm,4/4,,,Hosanna Việt Nam,https://quangharvest.com/hosanna-vn-1-100,,
81,Hãy mau mở Kinh Thánh,3,a,Dm,4/4,,,Hosanna Việt Nam,https://quangharvest.com/hosanna-vn-1-100,,
82,Đức Chúa Trời nhân từ,1,b,Am,4/4,,,Hosanna Việt Nam,https://www.youtube.com/watch?v=xNemVm3q-NI,,
83,Jesus ban ánh sáng và tình yêu,2,,Dm7,4/4,,,Hosanna Việt Nam,https://quangharvest.com/hosanna-vn-1-100,,
84,Vua hằng còn muôn đời,1,b,A,4/4,,,Hosanna Việt Nam,"Majesty, King of Eternity (Live) - YouTube",,
85,Jesus - Danh trên muôn danh,1,d,D,4/4,,,Hosanna Việt Nam,https://quangharvest.com/hosanna-vn-1-100,,
86,Jesus! Ngài là ánh sáng tuyệt vời,1,b,D,4/4,,,Hosanna Việt Nam,https://quangharvest.com/hosanna-vn-1-100,,
87,Vua trên muôn vua,1,d,Dm,4/4,,,Hosanna Việt Nam,https://quangharvest.com/hosanna-vn-1-100,,
88,Cầu bình an cho Jerusalem,1,d,Dm,4/4,,,Hosanna Việt Nam,,,
89,"Thánh thay, thánh thay, thánh thay",1,a,C,4/4,,,Hosanna Việt Nam,,,
90,Jesus là tất cả cho con,2,,D,4/4,,,Hosanna Việt Nam,"Jesus, You're Everything to Me (Live) - YouTube",,
91,"Thêm yêu thương, thêm năng lực",1,d,Em,4/4,,,Hosanna Việt Nam,,,
92,"Hallelujah, Hallelujah, ngợi khen Chúa",1,b,Am,4/4,,,Hosanna Việt Nam,https://quangharvest.com/hosanna-vn-1-100,,
93,Lạy Cha Thánh con xin dâng Cha,1,b,G,4/4,,,Hosanna Việt Nam,Maranatha! Singers - Lord I Lift Your Name On High (Original Version) - YouTube,,
94,Chúa mở cho lối đi,2,,F,4/4,,,Hosanna Việt Nam,,,
95,Chúa đời con,2,,F,4/4,,,Hosanna Việt Nam,Chris Bowater- Reign In Me - YouTube,,
96,Xin Cha hiệp một,3,a,G,4/4,,,Hosanna Việt Nam,,,
97,Ngài đã thắng,1,b,C,4/4,,,Hosanna Việt Nam,,,
98,Giờ này quỳ bên chân Chúa,1,b,F,4/4,,,Hosanna Việt Nam,Ich steh in Deiner Gegenwart - YouTube,,
99,Nào ai như Chúa,2,,Dm,4/4,,,Hosanna Việt Nam,Denn wer ist Gott | Psalm 18 | Lyric Video | #MartinPepperOfficial - YouTubeY,,
100,"Jesus, mời Ngài đến nơi đây",1,a,F,4/4,,,Hosanna Việt Nam,,,
101,"Hỡi Chúa, mời Ngài đến nơi đây",1,a,F,4/4,,,Hosanna Việt Nam,,,
102,Xin ý Chúa được nên,1,d,D,4/4,,,Hosanna Việt Nam,https://www.youtube.com/watch?v=YLAiLA7dqAE,,
103,Vòng tay yêu thương,2,,G,4/4,,,Hosanna Việt Nam,ARMS OF LOVE [Official Lyric Video] | Vineyard Worship feat. Kate Cooke - YouTube,,
104,"Jesus, Danh trên mọi danh",1,b,A,4/4,,,Hosanna Việt Nam,Jesus name uber alle Namen - YouTube,,
105,Xin Thánh Linh đến,1,a,F,3/4,,,Hosanna Việt Nam,,,
106,Mau đến ca ngợi Danh Jesus,1,b,E,4/4,,,Hosanna Việt Nam,,,
107,Từ sâu thẳm này,1,a,Bm,4/4,,,Hosanna Việt Nam,,,
108,Nhã ca 1:4,1,d,Dm,4/4,,,Hosanna Việt Nam,,,
109,Lòng mừng vui!,2,,Em,4/4,,,Hosanna Việt Nam,,,
110,"Hallelujah, Jesus!",1,b,C,4/4,,,Hosanna Việt Nam,,,
111,Thánh thay! Chúa ba ngôi,1,b,D,4/4,,,Hosanna Việt Nam,https://www.youtube.com/watch?v=4cA_n--Gc_o,,
112,Thánh thay,1,b,D,4/4,,,Hosanna Việt Nam,,,
113,Chúa Jesus phục sinh,4,b,D,4/4,,,Hosanna Việt Nam,"feiert Jesus kommt feiert ihn, Lobpreis - YouTube",,"celebrate jesus, jesus is alive, (Feiert Jesus kommt feiert Ihn, Halleluja Jesus Christus lebt) - YouTube"
114,Cùng dâng câu chúc tán,2,,G,4/4,,,Hosanna Việt Nam,,,
115,Không ai ngoài Jesus,2,,G,4/4,,,Hosanna Việt Nam,,,
116,Cùng nhau ta đi lên đền Thánh cám ơn Cha,2,,Am,3/4,,,Hosanna Việt Nam,088 Kommt in sein Tor - YouTube,,https://www.youtube.com/watch?v=7imojF9_3wY
117,Thi Thiên 99:5,3,a,D,4/4,,,Hosanna Việt Nam,,,
118,Ngợi tôn cao Danh Jesus,1,d,D,4/4,,,Hosanna Việt Nam,,,
119,Dòng nước sống,1,a,G,12/8,,,Hosanna Việt Nam,Oh Herr gieße Ströme [LIVE] - Albert Frey - YouTube,,
120,Thi Thiên 103,1,b,F,6/8,,,Hosanna Việt Nam,"Lobe den Herrn, meine Seele - YouTube",,
121,Kính mến Giê-hô-va,2,,D,4/4,,,Hosanna Việt Nam,,,
122,Giê-xu! Chúc tôn Giê-xu,2,,A,4/4,,,Hosanna Việt Nam,,,
123,Dòng huyết Chúa,1,c,G,4/4,,,Hosanna Việt Nam,,,
124,Tôn vinh danh Giê-xu,1,b,F,4/4,,,Hosanna Việt Nam,,,
125,Lu-ca 4:18-19,3,a,Dm,4/4,,,Hosanna Việt Nam,,,
126,Đứng lên dân Chúa,3,a,E,4/4,,,Hosanna Việt Nam,,,
127,Chúa đi trước chúng ta,3,a,Bm,4/4,,,Hosanna Việt Nam,Denn der Herr zieht mit uns voran | Wo ist solch ein Gott so wie du | FECG Aldingen - YouTube,,
128,Chúa chạm đến tôi,2,,Eb,3/4,,,Hosanna Việt Nam,https://www.youtube.com/watch?v=5m--ptwd_iI&list=PL9DiaWLN0leVpJ0ttWu70UdvshO4_83Li&index=12,,
129,Chúa phán đã xong rồi,1,b,Dm,4/4,,,Hosanna Việt Nam,,,
129a,Giê-xu là Cứu Chúa,1,b,Dm,4/4,,,Hosanna Việt Nam,,,
130,Đất nước hoang vu,2,,Am,4/4,,,Hosanna Việt Nam,Wüst ist das Land - YouTube,,
131,Giê-xu là Đấng sống,4,b,Eb,4/4,,,Hosanna Việt Nam,,,
132,Giê-xu đắc thắng,2,,E,4/4,,,Hosanna Việt Nam,,,
133,Đấng toàn năng tể trị,1,b,E,4/4,,,Hosanna Việt Nam,,,
134,Ngài đã thắng cõi sự chết,1,b,Dm,4/4,,,Hosanna Việt Nam,,,
135,Lòng này trông thấy,1,b,G,4/4,,,Hosanna Việt Nam,,,
136,Chúa đến trong quyền năng,1,a,G,4/4,,,Hosanna Việt Nam,,,
137,Không thần nào khác,1,a,C,4/4,,,Hosanna Việt Nam,,,
138,Chúng con tự do,4,b,Am,4/4,,,Hosanna Việt Nam,,,
139,Ê-sai 6:8,3,a,D,4/4,,,Hosanna Việt Nam,,,
140,Êm-ma-nu-ên! Hỡi Êm-ma-nu-ên,2,,A,4/4,,,Hosanna Việt Nam,,,
141,Thi-thiên 57:8-9,1,b,Dm,4/4,,,Hosanna Việt Nam,,,
142,Nê-hê-mi 8:10,2,,E,4/4,,,Hosanna Việt Nam,,,
143,Giê-xu ban cho bài ca,2,,D,4/4,,,Hosanna Việt Nam,,,
144,Chúa Nhân lành,2,,Em,4/4,,,Hosanna Việt Nam,,,
145,Lòng nguyện tôn cao,1,b,Bb,4/4,,,Hosanna Việt Nam,,,
146,Thêm vinh hiển Ngài,1,d,Bb,4/4,,,Hosanna Việt Nam,,,
147,Giê-xu con khát khao Ngài,1,a,D,4/4,,,Hosanna Việt Nam,,,
148,Con dâng trong tay Ngài,2,,A,4/4,,,Hosanna Việt Nam,,,
149,Xin hiệp nhất chúng con,3,a,Bb,6/8,,,Hosanna Việt Nam,,,
150,Không danh nào khác,1,b,D,4/4,,,Hosanna Việt Nam,,,
151,Giê-xu đang ở nơi đây,1,d,G,4/4,,,Hosanna Việt Nam,,,
152,Chúa vĩ đại,1,b,C,6/8,,,Hosanna Việt Nam,,,
153,Nước sống Cứu thế đến,2,,G,4/4,,,Hosanna Việt Nam,,,
154,Chúc tán Danh Vua Giê-xu,2,,E,4/4,,,Hosanna Việt Nam,,,
155,Chỉ có Cha,2,,G,4/4,,,Hosanna Việt Nam,,,
156,Con quỳ lạy trước ngôi,1,b,G,4/4,,,Hosanna Việt Nam,,,
157,Lòng kính tôn cao,1,b,G,4/4,,,Hosanna Việt Nam,,,
158,Sự thành tín Chúa rất lớn,2,,C,3/4,,,Hosanna Việt Nam,,,
159,Hát Halelugia,1,b,Dm,4/4,,,Hosanna Việt Nam,,,
160,Nào ai như Giê-xu,1,b,Am,4/4,,,Hosanna Việt Nam,,,
161,Mời Thánh Linh ngự trị,1,a,Bb,3/4,,,Hosanna Việt Nam,,,
162,Đứng lên chiến sĩ Giê-hô-va,3,a,Dm,4/4,,,Hosanna Việt Nam,,,
163,Cất tiếng reo mừng Chúa,2,,A,4/4,,,Hosanna Việt Nam,,,
164,Trông xem về vinh quang Thánh,1,b,C,4/4,,,Hosanna Việt Nam,,,
165,Vinh hiển thuộc Chiên Con,1,b,D,4/4,,,Hosanna Việt Nam,,,
166,Ta đây cùng con,1,d,Am,4/4,,,Hosanna Việt Nam,,,
167,Chiên Con được tôn làm Vua,1,b,E,4/4,,,Hosanna Việt Nam,,,
168,Mùa gặt,1,d,Em,4/4,,,Hosanna Việt Nam,,,
169,Trận chiến thuộc về Chúa,3,a,Em,4/4,,,Hosanna Việt Nam,,,
170,Hãy đến với Chúa,3,a,D,4/4,,,Hosanna Việt Nam,,,
171,Halelugia,1,b,A,4/4,,,Hosanna Việt Nam,,,
172,Bài ca Đắc thắng,1,b,Bm,4/4,,,Hosanna Việt Nam,,,
173,Lời con ca tụng,2,,Bb,4/4,,,Hosanna Việt Nam,,,
174,Hỡi người được mua chuộc,2,,A,4/4,,,Hosanna Việt Nam,,,
175,Chúa gác sang bên,1,c,G,4/4,,,Hosanna Việt Nam,,,
176,Dựng nên trong con,1,c,G,4/4,,,Hosanna Việt Nam,,,
177,Giê-xu bây giờ con lại cùng Ngài,1,a,Am,4/4,,,Hosanna Việt Nam,,,
178,Giê-hô-va Di-rê,1,d,Dm,4/4,,,Hosanna Việt Nam,,,
179,Trong danh Cứu Chúa Giê-xu,2,,F,4/4,,,Hosanna Việt Nam,,,
180,Chúa thật tốt thay,2,,D,4/4,,,Hosanna Việt Nam,,,
181,Ô! Huyết Giê-xu,1,c,D,12/8,,,Hosanna Việt Nam,,,
182,Nhờ huyết báu Ngài,1,c,A,4/4,,,Hosanna Việt Nam,,,
183,Tôn vinh Vua Giê-xu,1,b,D,4/4,,,Hosanna Việt Nam,,,
184,Tình yêu bền vững của Chúa,1,d,D,4/4,,,Hosanna Việt Nam,,,
185,Xứng đáng thay Ngài,1,b,D,4/4,,,Hosanna Việt Nam,,,
186,Tôi sẽ đến quỳ trước Ngài,2,,C,3/4,,,Hosanna Việt Nam,,,
187,Ngài khiến tôi an nghỉ,2,,Cm,4/4,,,Hosanna Việt Nam,,,
188,Danh Chúa được ngợi khen,1,b,D,4/4,,,Hosanna Việt Nam,,,
189,Chúa Giê-hô-va,1,b,C,4/4,,,Hosanna Việt Nam,,,
190,Xin Thần Linh đến trong con,1,a,Ab,3/4,,,Hosanna Việt Nam,,,
191,Chúa xứng đáng thay,1,b,G,3/4,,,Hosanna Việt Nam,,,
192,Nguyện tôn vinh Chúa,2,,Dm,4/4,,,Hosanna Việt Nam,,,
193,Thờ phượng Ba Ngôi,1,b,F,4/4,,,Hosanna Việt Nam,,,
194,Ngợi danh Giê-hô-va,1,b,Cm,4/4,,,Hosanna Việt Nam,,,
195,Thi thiên 133,3,a,Gm,4/4,,,Hosanna Việt Nam,,,
196,Hãy phó thác cho Đức Giê-hô-va,1,d,Em,4/4,,,Hosanna Việt Nam,,,
197,Ngài là Giê-hô-va,1,b,Em,4/4,,,Hosanna Việt Nam,,,
198,Lạy Cha chúng con,1,c,Em,6/8,,,Hosanna Việt Nam,,,
199,Hát cho Ngài,1,b,Dm,4/4,,,Hosanna Việt Nam,,,
200,Ngài là Vua các vua,1,b,G,4/4,,,Hosanna Việt Nam,,,
201,Hãy hát ngợi khen,1,b,Bm,4/4,,,Hosanna Việt Nam,,,
202,Ca tụng Danh Chúa,1,b,A,4/4,,,Hosanna Việt Nam,,,
203,Ngài luôn mở lối,2,,F,4/4,,,Hosanna Việt Nam,,,
204,Đấng thành tín,2,,D,4/4,,,Hosanna Việt Nam,,,
205,Lòng con hằng khao khát,2,,G,4/4,,,Hosanna Việt Nam,,,
206,Dìu con đến gần Ngài,1,c,A,4/4,,,Hosanna Việt Nam,,,
207,Chúa ơi! Con tìm kiếm Ngài,1,d,C,4/4,,,Hosanna Việt Nam,,,
208,Chốn vững an trong đời,1,a,Cm,4/4,,,Hosanna Việt Nam,,,
209,Hà hơi trên con,1,a,Eb,4/4,,,Hosanna Việt Nam,,,
210,Tất cả vinh dự,1,a,Dm,4/4,,,Hosanna Việt Nam,,,
211,Con thờ phượng Cha,1,b,G,4/4,,,Hosanna Việt Nam,,,
212,Chúa Đấng chữa lành,1,b,C,4/4,,,Hosanna Việt Nam,,,
213,Việt Nam truyền giáo,3,a,G,3/4,,,Hosanna Việt Nam,,,
214,"Hallelujah, Tôn vinh Danh Chúa Israel",1,b,Dm,4/4,,,Hosanna Việt Nam,,,
215,Khải huyền 4:8,1,b,Am,4/4,,,Hosanna Việt Nam,,,
216,Thi thiên 135,1,b,Gm,4/4,,,Hosanna Việt Nam,,,
217,Ma-la-chi 4:2,2,,Em,4/4,,,Hosanna Việt Nam,,,
218,Bài ca dâng hiến,1,d,Am,2/4,,,Hosanna Việt Nam,,,
219,Đến trong nhà Ngài,3,a,D,4/4,,,Hosanna Việt Nam,,,
220,Đến thờ phượng Chúa,3,a,D,4/4,,,Hosanna Việt Nam,,,
221,Con chỉ mong tôn cao Danh Ngài,1,d,D,4/4,,,Hosanna Việt Nam,,,
222,Đến với Ngài,2,,D,4/4,,,Hosanna Việt Nam,,,
223,Thi thiên 16,2,,Dm,6/8,,,Hosanna Việt Nam,,,
224,Nguyện Chúa được tôn cao,2,,G,4/4,,,Hosanna Việt Nam,,,
225,Sô-phô-ni 3,2,,Am,4/4,,,Hosanna Việt Nam,,,
226,Hãy cất tiếng vui mừng,1,b,Em,4/4,,,Hosanna Việt Nam,,,
227,Quyết dâng,1,a,C,4/4,,,Hosanna Việt Nam,,,
228,"Giê-xu, Vua muôn vua",2,,Em,4/4,,,Hosanna Việt Nam,,,
229,Chiên Con tôn quý,2,,G,4/4,,,Hosanna Việt Nam,,,
230,Xót thương từ Chúa,1,c,D,4/4,,,Hosanna Việt Nam,,,
231,Thiên đàng trong lòng,2,,D,4/4,,,Hosanna Việt Nam,,,
232,Bạn có thấy,4,b,C,4/4,,,Hosanna Việt Nam,,,
233,"Khắp núi non cao, biển cả mênh mông",2,,E,4/4,,,Hosanna Việt Nam,,,
234,Điều Chúa làm trong con,4,b,C,3/4,,,Hosanna Việt Nam,,,
235,Khắp Thiên đàng,1,b,C,4/4,,,Hosanna Việt Nam,,,
236,Trước Ngôi thương xót Chúa,1,b,D,4/4,,,Hosanna Việt Nam,,,
237,Chợt nhìn núi đồi cao,1,d,C,4/4,,,Hosanna Việt Nam,,,
238,Chúa thật vĩ đại,1,b,D,4/4,,,Hosanna Việt Nam,,,
239,Thánh thay Chúa,1,b,C,4/4,,,Hosanna Việt Nam,,,
240,Tôi sẽ mãi ca ngợi,1,b,Bm,4/4,,,Hosanna Việt Nam,,,
241,Hallelujah - Adonai,1,b,Am,2/4,,,Hosanna Việt Nam,,,
243,Vỗ tay lên,1,b,D,4/4,,,Hosanna Việt Nam,,,
243,Hỡi Vua của muôn đời,1,b,Dm,4/4,,,Hosanna Việt Nam,,,
244,Hosanna,2,,E,4/4,,,Hosanna Việt Nam,,,
245,"Jehovah, Đấng toàn năng",2,,G,4/4,,,Hosanna Việt Nam,,,
246,Thần Linh Cha ở đây,1,a,D,4/4,,,Hosanna Việt Nam,,,
247,Lạ thay ân hồng Chúa,2,,G,3/4,,,Hosanna Việt Nam,,,
248,Vĩ đại thay là Chúa,2,,D,4/4,,,Hosanna Việt Nam,,,
249,Tin sẽ thấy,3,a,D,3/4,,,Hosanna Việt Nam,,,
250,Bàn chân đẹp,3,a,C,4/4,,,Hosanna Việt Nam,,,
251,Nguyện cầu Cha,2,,Em,4/4,,,Hosanna Việt Nam,,,
252,Xin tẩy sạch lòng con,1,c,E,4/4,,,Hosanna Việt Nam,,,
253,Cầu xin Chúa mở mắt con,1,a,E,6/4,,,Hosanna Việt Nam,,,
254,Hãy cùng nhau lên núi Si-ôn,3,a,D,4/4,,,Hosanna Việt Nam,,,
255,Thi thiên 37:5,1,d,Dm,4/4,,,Hosanna Việt Nam,,,
256,Jesus là Cứu Chúa,2,,Em,4/4,,,Hosanna Việt Nam,,,